{"stats":{"minecraft:used":{"minecraft:iron_axe":4,"minecraft:wooden_pickaxe":25,"minecraft:stone_axe":16,"minecraft:dirt":1,"minecraft:crafting_table":2,"minecraft:furnace":2,"minecraft:egg":1,"minecraft:cooked_beef":2},"minecraft:picked_up":{"minecraft:crafting_table":1,"minecraft:feather":4,"minecraft:chicken":4,"minecraft:leather":1,"minecraft:porkchop":2,"minecraft:oak_log":10,"minecraft:dirt":9,"minecraft:beef":4,"minecraft:iron_ore":14,"minecraft:sugar_cane":9,"minecraft:mutton":1,"minecraft:coal":19,"minecraft:white_wool":1,"minecraft:cobblestone":25,"minecraft:egg":3},"minecraft:dropped":{"minecraft:stone_axe":1,"minecraft:oak_log":1,"minecraft:wooden_pickaxe":1,"minecraft:stone_pickaxe":1},"minecraft:crafted":{"minecraft:cooked_beef":4,"minecraft:oak_planks":36,"minecraft:stone_shovel":1,"minecraft:cooked_porkchop":2,"minecraft:shield":1,"minecraft:iron_axe":1,"minecraft:crafting_table":1,"minecraft:stick":12,"minecraft:cooked_chicken":3,"minecraft:iron_pickaxe":1,"minecraft:iron_ingot":12,"minecraft:wooden_pickaxe":1,"minecraft:stone_pickaxe":1,"minecraft:furnace":2,"minecraft:stone_axe":1,"minecraft:air":0},"minecraft:mined":{"minecraft:crafting_table":1,"minecraft:grass":2,"minecraft:grass_block":2,"minecraft:oak_log":9,"minecraft:dirt":7,"minecraft:stone":25,"minecraft:sugar_cane":5,"minecraft:oak_leaves":5},"minecraft:killed":{"minecraft:sheep":1,"minecraft:pig":2,"minecraft:chicken":4,"minecraft:cow":2},"minecraft:custom":{"minecraft:time_since_rest":15968,"minecraft:interact_with_furnace":15,"minecraft:sprint_one_cm":38715,"minecraft:damage_taken":20,"minecraft:walk_one_cm":12365,"minecraft:mob_kills":9,"minecraft:drop":4,"minecraft:damage_dealt":640,"minecraft:swim_one_cm":572,"minecraft:interact_with_crafting_table":3,"minecraft:fly_one_cm":65848,"minecraft:open_chest":1,"minecraft:crouch_one_cm":1012,"minecraft:play_one_minute":15968,"minecraft:sneak_time":492,"minecraft:walk_under_water_one_cm":213,"minecraft:jump":257,"minecraft:leave_game":2,"minecraft:walk_on_water_one_cm":935,"minecraft:time_since_death":15968,"minecraft:fall_one_cm":7386}},"DataVersion":2586}