{"stats":{"minecraft:used":{"minecraft:stone_axe":7,"minecraft:crafting_table":1,"minecraft:wooden_pickaxe":25,"minecraft:egg":1},"minecraft:picked_up":{"minecraft:crafting_table":1,"minecraft:leather":1,"minecraft:beef":3,"minecraft:oak_log":10,"minecraft:sugar_cane":4,"minecraft:mutton":1,"minecraft:white_wool":1,"minecraft:dirt":8,"minecraft:cobblestone":25,"minecraft:egg":1},"minecraft:dropped":{"minecraft:oak_log":1},"minecraft:crafted":{"minecraft:furnace":2,"minecraft:oak_planks":36,"minecraft:stone_shovel":1,"minecraft:stone_axe":1,"minecraft:crafting_table":1,"minecraft:stick":8,"minecraft:stone_pickaxe":1,"minecraft:wooden_pickaxe":1},"minecraft:mined":{"minecraft:grass_block":2,"minecraft:oak_log":9,"minecraft:dirt":6,"minecraft:stone":25,"minecraft:sugar_cane":3,"minecraft:crafting_table":1,"minecraft:oak_leaves":5},"minecraft:killed":{"minecraft:sheep":1,"minecraft:cow":1},"minecraft:custom":{"minecraft:time_since_rest":9016,"minecraft:play_one_minute":9016,"minecraft:crouch_one_cm":872,"minecraft:sprint_one_cm":19227,"minecraft:walk_one_cm":8438,"minecraft:sneak_time":373,"minecraft:mob_kills":2,"minecraft:drop":1,"minecraft:jump":86,"minecraft:leave_game":1,"minecraft:damage_dealt":180,"minecraft:walk_on_water_one_cm":148,"minecraft:time_since_death":9016,"minecraft:interact_with_crafting_table":2,"minecraft:fall_one_cm":2419,"minecraft:fly_one_cm":18621}},"DataVersion":2586}