{"stats":{"minecraft:picked_up":{"minecraft:wheat_seeds":1,"minecraft:dirt":2},"minecraft:used":{"minecraft:dirt":2},"minecraft:dropped":{"minecraft:wheat_seeds":1},"minecraft:mined":{"minecraft:grass":2,"minecraft:grass_block":2},"minecraft:custom":{"minecraft:jump":52,"minecraft:time_since_rest":1913,"minecraft:play_one_minute":1913,"minecraft:leave_game":1,"minecraft:sprint_one_cm":2742,"minecraft:time_since_death":1913,"minecraft:walk_one_cm":3688,"minecraft:drop":1,"minecraft:fall_one_cm":1732,"minecraft:fly_one_cm":8631}},"DataVersion":2586}