{"stats":{"minecraft:broken":{"minecraft:stone_axe":1},"minecraft:used":{"minecraft:water_bucket":5,"minecraft:flint_and_steel":3,"minecraft:stone_pickaxe":61,"minecraft:oak_planks":9,"minecraft:shield":6,"minecraft:wooden_pickaxe":18,"minecraft:torch":4,"minecraft:dirt":18,"minecraft:crafting_table":3,"minecraft:white_bed":3,"minecraft:golden_shovel":5,"minecraft:iron_pickaxe":52,"minecraft:stone_axe":77,"minecraft:cobblestone":1,"minecraft:furnace":2,"minecraft:bucket":6,"minecraft:oak_boat":2,"minecraft:cooked_beef":6},"minecraft:picked_up":{"minecraft:crafting_table":2,"minecraft:feather":5,"minecraft:chicken":6,"minecraft:salmon":8,"minecraft:leather":6,"minecraft:oak_log":16,"minecraft:dirt":18,"minecraft:bone":6,"minecraft:wheat_seeds":1,"minecraft:beef":7,"minecraft:oak_boat":2,"minecraft:iron_ore":31,"minecraft:oak_planks":10,"minecraft:furnace":1,"minecraft:stick":4,"minecraft:torch":3,"minecraft:white_bed":2,"minecraft:arrow":5,"minecraft:rotten_flesh":2,"minecraft:stone_axe":1,"minecraft:granite":3,"minecraft:bone_meal":1,"minecraft:gray_wool":1,"minecraft:oak_sapling":4,"minecraft:mutton":13,"minecraft:coal":79,"minecraft:white_wool":9,"minecraft:cobblestone":32},"minecraft:dropped":{"minecraft:stone_axe":1,"minecraft:wheat_seeds":1,"minecraft:rotten_flesh":2,"minecraft:oak_sapling":4,"minecraft:wooden_pickaxe":1},"minecraft:crafted":{"minecraft:cooked_beef":7,"minecraft:oak_planks":64,"minecraft:crafting_table":1,"minecraft:wooden_pickaxe":1,"minecraft:iron_sword":1,"minecraft:furnace":1,"minecraft:bucket":1,"minecraft:stone_axe":1,"minecraft:air":0,"minecraft:flint_and_steel":1,"minecraft:oak_boat":1,"minecraft:iron_chestplate":1,"minecraft:shield":1,"minecraft:iron_axe":1,"minecraft:stick":8,"minecraft:iron_ingot":23,"minecraft:iron_pickaxe":1,"minecraft:stone_pickaxe":1,"minecraft:white_bed":1,"minecraft:torch":4},"minecraft:killed":{"minecraft:salmon":8,"minecraft:sheep":8,"minecraft:horse":7,"minecraft:skeleton":5,"minecraft:chicken":7,"minecraft:enderman":1,"minecraft:cow":3},"minecraft:mined":{"minecraft:white_bed":2,"minecraft:crafting_table":2,"minecraft:torch":1,"minecraft:granite":3,"minecraft:grass_block":8,"minecraft:oak_planks":3,"minecraft:wall_torch":1,"minecraft:furnace":1,"minecraft:iron_ore":32,"minecraft:fire":4,"minecraft:grass":5,"minecraft:oak_log":16,"minecraft:coal_ore":53,"minecraft:dirt":9,"minecraft:stone":34,"minecraft:oak_leaves":2},"minecraft:custom":{"minecraft:interact_with_furnace":28,"minecraft:mob_kills":40,"minecraft:interact_with_crafting_table":14,"minecraft:play_one_minute":24802,"minecraft:leave_game":1,"minecraft:time_since_death":24802,"minecraft:sleep_in_bed":2,"minecraft:time_since_rest":3812,"minecraft:sprint_one_cm":66207,"minecraft:damage_taken":626,"minecraft:walk_one_cm":55241,"minecraft:damage_blocked_by_shield":285,"minecraft:drop":6,"minecraft:damage_dealt":4520,"minecraft:swim_one_cm":7354,"minecraft:fly_one_cm":87017,"minecraft:open_chest":1,"minecraft:crouch_one_cm":4007,"minecraft:sneak_time":1570,"minecraft:walk_under_water_one_cm":3039,"minecraft:boat_one_cm":561,"minecraft:jump":545,"minecraft:walk_on_water_one_cm":3724,"minecraft:fall_one_cm":14288}},"DataVersion":2586}