{"stats":{"minecraft:broken":{"minecraft:stone_axe":1},"minecraft:used":{"minecraft:cooked_mutton":5,"minecraft:water_bucket":5,"minecraft:flint_and_steel":3,"minecraft:stone_pickaxe":61,"minecraft:oak_planks":9,"minecraft:shield":25,"minecraft:wooden_pickaxe":18,"minecraft:iron_sword":44,"minecraft:torch":21,"minecraft:dirt":18,"minecraft:crafting_table":4,"minecraft:white_bed":4,"minecraft:golden_shovel":5,"minecraft:iron_axe":4,"minecraft:string":1,"minecraft:iron_pickaxe":108,"minecraft:stone_axe":77,"minecraft:fire_charge":2,"minecraft:cobblestone":19,"minecraft:furnace":3,"minecraft:bucket":6,"minecraft:oak_boat":2,"minecraft:cooked_beef":7},"minecraft:picked_up":{"minecraft:iron_chestplate":1,"minecraft:crafting_table":3,"minecraft:feather":10,"minecraft:chicken":12,"minecraft:water_bucket":1,"minecraft:salmon":16,"minecraft:leather":12,"minecraft:golden_leggings":1,"minecraft:golden_shovel":1,"minecraft:flint":3,"minecraft:oak_log":16,"minecraft:shield":1,"minecraft:string":50,"minecraft:dirt":18,"minecraft:iron_axe":1,"minecraft:flint_and_steel":1,"minecraft:iron_leggings":1,"minecraft:cooked_mutton":9,"minecraft:bone":12,"minecraft:wheat_seeds":1,"minecraft:beef":7,"minecraft:stone_pickaxe":1,"minecraft:oak_boat":3,"minecraft:iron_ore":102,"minecraft:iron_pickaxe":1,"minecraft:iron_sword":1,"minecraft:oak_planks":41,"minecraft:iron_boots":1,"minecraft:furnace":5,"minecraft:stick":4,"minecraft:oak_fence":2,"minecraft:torch":9,"minecraft:white_bed":3,"minecraft:spider_eye":6,"minecraft:arrow":12,"minecraft:rotten_flesh":2,"minecraft:stone_axe":1,"minecraft:golden_hoe":1,"minecraft:iron_helmet":1,"minecraft:granite":6,"minecraft:bone_meal":2,"minecraft:gray_wool":2,"minecraft:oak_sapling":4,"minecraft:mutton":13,"minecraft:coal":140,"minecraft:white_wool":13,"minecraft:cobblestone":49},"minecraft:dropped":{"minecraft:stone_axe":1,"minecraft:wheat_seeds":1,"minecraft:rotten_flesh":2,"minecraft:cooked_mutton":1,"minecraft:coal":19,"minecraft:oak_sapling":4,"minecraft:iron_ore":14,"minecraft:wooden_pickaxe":1,"minecraft:string":3},"minecraft:crafted":{"minecraft:cooked_beef":7,"minecraft:oak_planks":64,"minecraft:crafting_table":1,"minecraft:wooden_pickaxe":1,"minecraft:iron_helmet":1,"minecraft:iron_sword":1,"minecraft:furnace":2,"minecraft:bucket":1,"minecraft:stone_axe":1,"minecraft:cooked_mutton":13,"minecraft:air":0,"minecraft:flint_and_steel":1,"minecraft:oak_boat":1,"minecraft:iron_boots":1,"minecraft:iron_chestplate":1,"minecraft:shield":1,"minecraft:iron_axe":1,"minecraft:stick":12,"minecraft:iron_ingot":37,"minecraft:iron_pickaxe":1,"minecraft:stone_pickaxe":1,"minecraft:iron_leggings":1,"minecraft:white_bed":1,"minecraft:torch":20},"minecraft:killed":{"minecraft:cave_spider":10,"minecraft:salmon":8,"minecraft:sheep":8,"minecraft:horse":7,"minecraft:skeleton":6,"minecraft:chicken":7,"minecraft:enderman":1,"minecraft:cow":3},"minecraft:mined":{"minecraft:white_bed":3,"minecraft:oak_fence":1,"minecraft:crafting_table":3,"minecraft:torch":2,"minecraft:granite":3,"minecraft:grass_block":8,"minecraft:cobblestone":3,"minecraft:oak_planks":4,"minecraft:wall_torch":2,"minecraft:spawner":1,"minecraft:furnace":3,"minecraft:iron_ore":73,"minecraft:fire":6,"minecraft:grass":5,"minecraft:oak_log":16,"minecraft:coal_ore":53,"minecraft:dirt":9,"minecraft:cobweb":15,"minecraft:stone":43,"minecraft:oak_leaves":2},"minecraft:custom":{"minecraft:interact_with_furnace":52,"minecraft:mob_kills":51,"minecraft:interact_with_crafting_table":19,"minecraft:play_one_minute":36802,"minecraft:leave_game":1,"minecraft:time_since_death":1536,"minecraft:sleep_in_bed":2,"minecraft:time_since_rest":1559,"minecraft:sprint_one_cm":126808,"minecraft:damage_taken":1369,"minecraft:walk_one_cm":83972,"minecraft:damage_blocked_by_shield":825,"minecraft:drop":12,"minecraft:damage_dealt":5916,"minecraft:swim_one_cm":7354,"minecraft:fly_one_cm":114130,"minecraft:open_chest":1,"minecraft:crouch_one_cm":4666,"minecraft:deaths":1,"minecraft:sneak_time":2026,"minecraft:walk_under_water_one_cm":3039,"minecraft:boat_one_cm":561,"minecraft:jump":779,"minecraft:walk_on_water_one_cm":4723,"minecraft:fall_one_cm":19148},"minecraft:killed_by":{"minecraft:cave_spider":1}},"DataVersion":2586}