{"stats":{"minecraft:used":{"minecraft:stone_pickaxe":36,"minecraft:wooden_pickaxe":18,"minecraft:stone_axe":36,"minecraft:torch":1,"minecraft:dirt":11,"minecraft:crafting_table":2,"minecraft:furnace":1,"minecraft:white_bed":2,"minecraft:cooked_beef":1},"minecraft:picked_up":{"minecraft:stick":4,"minecraft:crafting_table":2,"minecraft:feather":5,"minecraft:chicken":6,"minecraft:salmon":4,"minecraft:leather":1,"minecraft:torch":1,"minecraft:oak_log":16,"minecraft:white_bed":2,"minecraft:dirt":11,"minecraft:wheat_seeds":1,"minecraft:beef":7,"minecraft:bone_meal":1,"minecraft:oak_sapling":4,"minecraft:coal":59,"minecraft:mutton":8,"minecraft:oak_planks":9,"minecraft:white_wool":7,"minecraft:cobblestone":14,"minecraft:furnace":1},"minecraft:dropped":{"minecraft:wheat_seeds":1,"minecraft:oak_sapling":4,"minecraft:wooden_pickaxe":1},"minecraft:crafted":{"minecraft:cooked_beef":4,"minecraft:oak_planks":64,"minecraft:crafting_table":1,"minecraft:stick":8,"minecraft:wooden_pickaxe":1,"minecraft:stone_pickaxe":1,"minecraft:furnace":1,"minecraft:white_bed":1,"minecraft:torch":4,"minecraft:stone_axe":1,"minecraft:air":0},"minecraft:mined":{"minecraft:white_bed":2,"minecraft:furnace":1,"minecraft:crafting_table":2,"minecraft:grass":5,"minecraft:grass_block":5,"minecraft:coal_ore":33,"minecraft:oak_log":16,"minecraft:dirt":6,"minecraft:stone":15,"minecraft:wall_torch":1,"minecraft:oak_leaves":2},"minecraft:killed":{"minecraft:sheep":5,"minecraft:chicken":6,"minecraft:salmon":4,"minecraft:cow":3},"minecraft:custom":{"minecraft:time_since_rest":5254,"minecraft:interact_with_furnace":5,"minecraft:sprint_one_cm":31012,"minecraft:damage_taken":20,"minecraft:walk_one_cm":21357,"minecraft:mob_kills":19,"minecraft:drop":3,"minecraft:damage_dealt":1150,"minecraft:swim_one_cm":6120,"minecraft:interact_with_crafting_table":4,"minecraft:fly_one_cm":51915,"minecraft:open_chest":1,"minecraft:crouch_one_cm":74,"minecraft:play_one_minute":12802,"minecraft:sneak_time":120,"minecraft:walk_under_water_one_cm":1858,"minecraft:jump":295,"minecraft:walk_on_water_one_cm":1166,"minecraft:leave_game":1,"minecraft:time_since_death":12802,"minecraft:sleep_in_bed":1,"minecraft:fall_one_cm":7598}},"DataVersion":2586}