{"stats":{"minecraft:used":{"minecraft:stone_pickaxe":21,"minecraft:wooden_pickaxe":23,"minecraft:stone_axe":30,"minecraft:dirt":11,"minecraft:crafting_table":1,"minecraft:furnace":1},"minecraft:picked_up":{"minecraft:crafting_table":1,"minecraft:feather":3,"minecraft:chicken":2,"minecraft:porkchop":9,"minecraft:oak_log":20,"minecraft:dirt":11,"minecraft:bone":2,"minecraft:bow":1,"minecraft:beef":7,"minecraft:iron_ore":3,"minecraft:coal":7,"minecraft:cobblestone":23},"minecraft:crafted":{"minecraft:oak_planks":80,"minecraft:crafting_table":1,"minecraft:stick":8,"minecraft:wooden_pickaxe":1,"minecraft:stone_pickaxe":1,"minecraft:furnace":1,"minecraft:torch":4,"minecraft:stone_axe":1},"minecraft:mined":{"minecraft:iron_ore":3,"minecraft:crafting_table":1,"minecraft:grass":3,"minecraft:grass_block":5,"minecraft:oak_log":20,"minecraft:coal_ore":7,"minecraft:dirt":7,"minecraft:stone":25,"minecraft:oak_leaves":1},"minecraft:killed":{"minecraft:skeleton":1,"minecraft:pig":4,"minecraft:chicken":2,"minecraft:cow":3},"minecraft:custom":{"minecraft:time_since_rest":5693,"minecraft:interact_with_furnace":2,"minecraft:sprint_one_cm":12117,"minecraft:damage_taken":40,"minecraft:walk_one_cm":9131,"minecraft:mob_kills":10,"minecraft:damage_dealt":1015,"minecraft:interact_with_crafting_table":2,"minecraft:fly_one_cm":19852,"minecraft:crouch_one_cm":900,"minecraft:play_one_minute":5693,"minecraft:sneak_time":554,"minecraft:jump":120,"minecraft:leave_game":1,"minecraft:time_since_death":5693,"minecraft:fall_one_cm":4010}},"DataVersion":2586}