{"stats":{"minecraft:used":{"minecraft:wooden_pickaxe":48,"minecraft:crafting_table":2},"minecraft:picked_up":{"minecraft:crafting_table":1,"minecraft:oak_log":11,"minecraft:coal":24,"minecraft:cobblestone":24},"minecraft:crafted":{"minecraft:wooden_sword":1,"minecraft:crafting_table":1,"minecraft:oak_planks":44,"minecraft:stick":4,"minecraft:wooden_pickaxe":1},"minecraft:mined":{"minecraft:coal_ore":24,"minecraft:stone":24,"minecraft:oak_log":11,"minecraft:oak_leaves":1,"minecraft:crafting_table":1},"minecraft:custom":{"minecraft:jump":7,"minecraft:time_since_rest":4236,"minecraft:sprint_one_cm":179,"minecraft:play_one_minute":4236,"minecraft:time_since_death":4236,"minecraft:walk_one_cm":10811,"minecraft:interact_with_crafting_table":2,"minecraft:fly_one_cm":604}},"DataVersion":2586}